https://www.amazon.in/American-Tourister-AMT-SCH-02/dp/B07CJCGM1M,American Tourister Fizz Large Size 32 Ltrs Casual Backpack (BLACK),"1,199",4.0 out of 5 stars,"55,011"
https://www.amazon.in/Skybags-Brat-Black-Casual-Backpack/dp/B08Z1HHHTD,Skybags Brat Black 46 Cms Casual Backpack,669,4.1 out of 5 stars,"5,198"
https://www.amazon.in/Half-Moon-Backpack-Luggage-Compartment/dp/B09VCLZ3K4,Half Moon Large 37L Laptop Bag Backpack for menं Women Boys and Girls Luggage Travel Bags with 17.3 inches Laptop Compartment & Rain Cover,849,3.9 out of 5 stars,"3,234"
https://www.amazon.in/Half-Moon-Waterproof-Backpack-Students/dp/B085MHDJ93,"Half Moon 35 Ltrs Water Resistant 15.6 inch Laptop Bag for Men/Backpack for Men, Navy Blue | Office Bag for Men/Office Bag for Women with Padded Laptop Compartment | Rain Cover & Reflective Strips",649,3.9 out of 5 stars,"16,601"
https://www.amazon.in/Gear-Black-Laptop-Backpack-LBPASPIRE0104/dp/B075MK4TXP,Gear Cello 30 Ltrs Black Laptop Backpack (LBPASPIRE0104),"1,125",4.4 out of 5 stars,"5,921"
https://www.amazon.in/Gear-Classic-Leather-Backpack-LBPCLSLTH0201/dp/B07G4F6XFH,Gear Classic 20L Faux Leather Water Resistant Anti Theft Laptop Bag/Backpack for Men/Women (Brown),987,4.4 out of 5 stars,"5,922"
https://www.amazon.in/American-Tourister-BACKPACK-COMPARTMENT-ORGANIZER/dp/B0BTD4S4XF,"American Tourister VALEX BLACK LAPTOP BACKPACK 28 Ltrs,Volume, LAPTOP COMPARTMENT, BOTTLE POCKET, FRONT ORGANIZER","1,299",4.3 out of 5 stars,569
https://www.amazon.in/NORTH-ZONE-Waterproof-Backpack-Dimensions/dp/B0BS6QQZYN,NORTH ZONE Casual Waterproof Laptop Backpack/Office Bag/School Bag/College Bag/Business Bag/Travel Backpack (Dimensions:13x18 inches) (Compatible with 39.62cm(15.6inch laptop) 30 L,630,4.0 out of 5 stars,480
https://www.amazon.in/TRUE-HUMAN-Anti-Theft-backpack-charging/dp/B09QJ7ZF2Y,"TRUE HUMAN Emperor Anti-Theft backpack With USB charging Port Laptop Bag, Office bag, college bag and anti -theft back pocket (Black)",689,3.8 out of 5 stars,"2,319"
https://www.amazon.in/Half-Moon-Backpack-Spacious-Multiple/dp/B0C23Z9W18,Half Moon Aztec 37L School Bag Class 5-12 | College Bagpack for Men/College Back pack for Women | 15.6 inch Laptop Bag for Men/Backpack for Men | Spacious & Multiple Pockets,649,3.6 out of 5 stars,159
https://www.amazon.in/ADISA-Laptop-Backpack-Office-College/dp/B09TPX22NF,ADISA 15.6 inch Laptop Backpack Office Bag College Travel Back Pack 32 Ltrs (z-Navy Blue),499,3.9 out of 5 stars,"1,022"
https://www.amazon.in/GEAR-Black-Blue-Backpack-years/dp/B019HA8AYG,Gear CarryOn 16L Foldable Water Resistant School Bag//Backpack/College Bag for Men/Women - Blue Black,224,3.7 out of 5 stars,"6,844"
https://www.amazon.in/NORTH-ZONE-Lightweight-Backpacks-Stylish/dp/B0BL3TVDK6,Northzone Lightweight school bags Backpacks for Boys Girls Stylish men and women Casual Travel Laptop Bag College office (Black) 40L,549,4.0 out of 5 stars,123
https://www.amazon.in/Safari-Backpack-Resistant-Polyester-Travelling/dp/B09B26VHXV,"Safari Flash Casual Backpack, 26 ltr Water Resistant Travel Bags| Weight Polyester Bagpack for Men and Women, Spacious Shoulder Bag for College, Office, Travelling and Camping",799,3.8 out of 5 stars,"2,985"
https://www.amazon.in/Half-Moon-Resistant-Backpack-Compartment/dp/B0BLVQ9NTD,Half Moon Strike 35L Unisex Spacious School/Laptop/College/Office Travel Backpack Bag for Men Women Boys & Girls with 15.6 inch Padded Laptop Compartment & Multiple Pockets,699,3.8 out of 5 stars,578
https://www.amazon.in/POLESTAR-Vintage-Laptop-Backpack-bagpack/dp/B081GSQ9D9,"POLESTAR Vintage 15.6 inch 32 LTR Casual Laptop Backpack/Office Bag/School Bag/College Bag/Business Bag/Unisex Backpack, Water Resistant and Light Weight, 1 year Warranty",549,3.9 out of 5 stars,"9,034"
https://www.amazon.in/Arctic-Fox-Liters-String-Backpack/dp/B08L6Q9V1H,Arctic Fox 15 Liters Draw String Bag Lavender Backpack,229,4.3 out of 5 stars,"3,398"
https://www.amazon.in/Skybags-Brat-Green-Casual-Backpack/dp/B08Z21W4TG,"Skybags Brat 46 Cms, 22 Ltrs Casual Backpack- Sea Green",669,4.0 out of 5 stars,"1,463"
https://www.amazon.in/F-Gear-Luxur-Brown-Backpack/dp/B01F7AX9ZA,F Gear Luxur Brown 25 liter Laptop Backpack (2404),"1,162",4.4 out of 5 stars,"16,971"
https://www.amazon.in/Half-Moon-Resistant-Backpack-Compartment/dp/B0BHX7GY16,Half Moon Large 37L Laptop Bag Backpack for menं Women Boys and Girls Luggage Travel Bags with 17.3 inches Laptop Compartment & Rain Cover,849,3.9 out of 5 stars,"3,234"
https://www.amazon.in/Lenovo-15-6-Inches-Everyday-Backpack/dp/B08R7RPVJF,"Lenovo 15.6"" (39.62cm) Slim Everyday Backpack, Made in India, Compact, Water-resistant, Organized storage:Laptop sleeve,tablet pocket,front workstation,2-side pockets,Padded adjustable shoulder straps",839,4.3 out of 5 stars,"3,726"
https://www.amazon.in/SAFARI-Ltrs-Casual-Backpack-DAYPACKNEO15CBSEB/dp/B07Q7CNPMV,Safari Compact Size 15 Ltrs Casual Backpack For Unisex Adult - Sea Blue,499,4.0 out of 5 stars,"20,026"
https://www.amazon.in/Safari-Laptop-Backpack-Resistant-Fabric/dp/B09B25Z8M2,Safari Quill Large Laptop Backpack 26 Ltrs Water Resistant Fabric - Black,899,3.9 out of 5 stars,972
https://www.amazon.in/Fur-Jaden-Black-Waterproof-Backpack/dp/B078GLXMDY,FUR JADEN Anti Theft Backpack 15.6 Inch Laptop Bag with USB Charging Port For Men Women Boys Girls,839,4.0 out of 5 stars,"13,805"
https://www.amazon.in/ADISA-Casual-Backpack-College-BP046-NAV_Navy/dp/B0BX3QFVSM,ADISA 31 Ltrs Casual Backpack School College Bag Pack,399,3.8 out of 5 stars,134
https://www.amazon.in/Backpack-Small-Black-Water-Repellant/dp/B088XB5XY8,"Mi Step Out 12 L Mini Backpack (Small Size, Black, Water Repellant)",398,4.1 out of 5 stars,"9,478"
https://www.amazon.in/SFANE-Duffel-Shoulder-Women-Compartment/dp/B07XXFB9CZ,Sfane Polyester 23cms Duffle/Shoulder/Gym Bag for Men & Women with Separate Shoe Compartment (Grey),427,4.3 out of 5 stars,"7,637"
https://www.amazon.in/Safari-Laptop-Backpack-Resistant-Fabric/dp/B09B28TKLG,Safari Quill Large Laptop Backpack 26 Ltrs Water Resistant Fabric - Blue,899,4.0 out of 5 stars,715
https://www.amazon.in/Nivia-6853-Polyester-Basic-Duffle/dp/B07FWQ9HRV,NIVIA Basic Duffle Polyester Bag/Gym Bags/Adjustable Shoulder Bag for Men/Duffle Gym Bags for Men/Fitness Bag/Carry Bags/Sports & Travel Bag/Sports Kit/Duffle Bags Travel,269,4.0 out of 5 stars,"3,686"
https://www.amazon.in/FATMUG-Laptop-Bag-Men-Convertible/dp/B084LF4RT5,"FATMUG Laptop Bag For Men - Convertible Backpack For Office And Travel (Dark Grey,Oxford Fabric)","1,599",4.4 out of 5 stars,"2,176"
https://www.amazon.in/WILDHORN-Backpack-Compartment-Business-Stitching/dp/B09QL66G55,"WILDHORN 31L Laptop Backpack for Men/Women I Fits upto 15.6"" Laptop I Waterproof I Travel/Business/College Bookbags",599,4.0 out of 5 stars,"1,451"
https://www.amazon.in/ADISA-Laptop-Backpack-Office-College/dp/B0BPTV3795,ADISA 32L Large Laptop Backpack Office Bag College Travel Back Pack with rain Cover (Black),599,3.8 out of 5 stars,262
https://www.amazon.in/Wildcraft-Packs18-Laptop-Backpack-Streak/dp/B07FC4D9B5,Wildcraft Work Packs'18 21 Ltrs Black Laptop Backpack (Streak Plus),"1,374",4.4 out of 5 stars,"1,978"
https://www.amazon.in/BennettTM-Mystic-Shoulder-Messenger-Repellent/dp/B09321GJXZ,Bennett™ Mystic 15.6 inch (39.6cm) Laptop Briefcase Shoulder Sling Office Business Professional Travel Messenger Bag for Men and Women Water Repellent Formal Executive Bags (Grey) 6 Months Warranty,512,4.0 out of 5 stars,"6,214"
https://www.amazon.in/Zipline-Nexa-Resistant-Bagpack-Backpack/dp/B08WQ668WJ,Zipline Unisex Casual Polyester 36 L Backpack School Bag Women Men Boys Girls Children Daypack College Bag Book School Sports Bag,843,3.6 out of 5 stars,931
https://www.amazon.in/Nelle-Harper-Womens-Sling-Green/dp/B07JGQM7DC,Nelle Harper Women's Handbag,809,3.7 out of 5 stars,"1,906"
https://www.amazon.in/ZIPLINE-Polyester-Backpack-Children-Daypack/dp/B07XVMR33Q,Zipline Unisex casual polyester 36 L Backpack School Bag Women Men Boys Girls children Daypack College Bag Book School Sports Bag Weekend Bag,843,4.0 out of 5 stars,"6,104"
https://www.amazon.in/Gear-Classic-Leather-Backpack-LBPCLSLTH0519/dp/B07G4JQX2F,Gear Cello Classic Anti Theft Faux Leather 20 Ltrs Navy Laptop Backpack (LBPCLSLTH0519),987,4.4 out of 5 stars,"6,496"
https://www.amazon.in/Rucksack-Travel-Backpack-Trekking-Compartment/dp/B07YDGQQN5,"Fur Jaden 55 LTR Rucksack Travel Backpack Bag for Trekking, Hiking with Shoe Compartment",849,4.3 out of 5 stars,"5,477"
https://www.amazon.in/TRUE-Emperor-Anti-Theft-backpack-charging/dp/B0BYB631NR,"TRUE HUMAN® Emperor Anti-Theft Pocket backpack With USB charging Port Laptop,office,college,travel bag for men and women(Epower)",680,3.6 out of 5 stars,184
https://www.amazon.in/Step-Backpack-Small-Water-Repellant/dp/B088XG77KN,"Mi Step Out 12 L Mini Backpack (Small Size, Red, Water Repellant)",319,4.1 out of 5 stars,"9,478"
https://www.amazon.in/Safari-Casual-Backpack-Charging-Resistant/dp/B09B2581S9,"Safari Sneak Casual Backpack with USB Charging Port 26 Ltrs Water Resistant Fabric - Grey, L (SNEAK19CBGRE)",949,3.8 out of 5 stars,"1,021"
https://www.amazon.in/Storite-Backpack-Waterproof-Dustproof-Adjustable/dp/B0C7ZWNBJZ,"Storite Dust & Rain Cover for Backpack with Pouch, Waterproof Dustproof Rain Cover Bag Elastic Adjustable for School, College,Office, Trekking Bags (30L-35L,Black)",199,4.6 out of 5 stars,24
https://www.amazon.in/Martucci-Casual-Travelling-Laptop-Backpack/dp/B088B4P6ZW,Martucci 15.6 inch 30 L Casual Waterproof Laptop Backpack/Office Bag/School Bag/College Bag/Business Bag/Unisex Travel Backpack(Black),549,3.9 out of 5 stars,"7,666"
https://www.amazon.in/Safari-Spartan-Water-Resistant-Backpack/dp/B09B277CR5,"Safari Spartan 21 Ltrs Water Resistant Backpack - Teal, S (SPARTAN19CBTEA)",599,3.8 out of 5 stars,901
https://www.amazon.in/Ritzy-Waterproof-Hi-Quality-External-Resistant/dp/B09Q172X7J,"Walkent Stylish 15.6"" Laptop Bag (Model Ritzy) Hi-Quality PU, Waterproof, Anti Theft, External USB, Scratch Resistant for Office College Men Women","2,809",4.2 out of 5 stars,121
https://www.amazon.in/FUR-JADEN-Backpack-Accessories-Organiser/dp/B0BSHBH9K2,"FUR JADEN 15.6 Inch Smart Laptop Backpack Bag With USB Charging Port, Anti Theft Pocket and Accessories Organiser for Men Women Boys Girls","1,329",4.1 out of 5 stars,563
https://www.amazon.in/STRABO-Cooper-Laptop-Bag-Capacity/dp/B0BX9SVT1D,"STRABO Cooper for Boys Girls Stylish Men and Women Casual 15"" inch 25L CANVAS Laptop BACKPACK | Office, College, Travel Bag",699,4.4 out of 5 stars,50
https://www.amazon.in/WILDHORN-Backpack-Compartment-Business-Stitching/dp/B09QL81ZHB,"WILDHORN 31L Laptop Backpack for Men/Women I Fits upto 15.6"" Laptop I Waterproof I Travel/Business/College Bookbags",599,4.0 out of 5 stars,"1,451"
https://www.amazon.in/Tabelito-Laptop-Backpack-15-6-inch-Repellent/dp/B08Y5S6C2P,"TABELITO Casual Laptop Backpack 15.6-inch, 25 LTR Water Repellent",549,4.0 out of 5 stars,681
https://www.amazon.in/AirCase-C34-Laptop-Backpack-Women/dp/B07QN4KXWG,"AirCase Laptop Bag Backpack Case Pouch for Laptop Backpack for Men & Women,Premium Vegan Leather",929,3.8 out of 5 stars,859
https://www.amazon.in/Urban-Tribe-Laptop-Backpack-Havana/dp/B01LXNNFDF,"URBAN TRIBE Havana Laptop Backpack for Men & Women | Laptop Bag 15.6 inch | Office Work/Casual/College Bag | Black, 27L",939,3.9 out of 5 stars,784
https://www.amazon.in/ADISA-BP010-Weight-Casual-Backpack/dp/B07MXL986B,ADISA 32 Ltrs Water Resistant Casual Travel Bagpack/College Backpack/School Office Bag for Men and Women,499,4.0 out of 5 stars,"4,026"
https://www.amazon.in/F-Gear-Burner-Art-Lthr-Laptop-Backpack/dp/B085QWJVCZ,F Gear 22 Ltrs Burner Art Lthr Brown Laptop Backpack (3343),870,4.4 out of 5 stars,370
https://www.amazon.in/Half-Moon-Laptop-Bag-Compartment/dp/B0C1NZLF67,Half Moon Valex Unisex School Bag/Laptop Backpack/College Bagpack/Office Back Packed | Laptop Bag for Men & Women | School Bags for Boys & Girls with Small Pockets & Laptop Compartment,649,3.6 out of 5 stars,67
https://www.amazon.in/Hammonds-Flycatcher-Leather-Messenger-LB190BRN/dp/B083M1QK32,HAMMONDS FLYCATCHER Laptop Bag for Men - Genuine Leather Messenger Shoulder Bag - Fits 14/15.6/16 Inch Laptops - Brown Office Bag - Multiple Pockets -Water Resistant -Executive Bag for Work and Travel,"5,255",4.4 out of 5 stars,571
https://www.amazon.in/Classic-Leather-Laptop-Backpack-LBPCLSLTH1901/dp/B07G4CYC74,Gear Classic 20L Faux Leather Water Resistant Anti Theft Laptop Bag/Backpack for Men/Women-Tan,979,4.4 out of 5 stars,"2,487"
https://www.amazon.in/Safari-Sheild-Resistant-Casual-Backpack/dp/B09B26T7KQ,Safari Sheild 26 Ltrs Water Resistant Casual Backpack - (SHEILD19CBBLK),699,3.9 out of 5 stars,"1,106"
https://www.amazon.in/Number-Backpack-Compartment-Charging-Organizer/dp/B09VTCNN75,"FUR JADEN Anti Theft Number Lock Backpack Bag with 15.6 Inch Laptop Compartment, USB Charging Port & Organizer Pocket for Men Women Boys Girls",679,4.0 out of 5 stars,"4,938"
https://www.amazon.in/Storite-Travel-Bag-Lightweight-GreenPink/dp/B0B3JBYZ8C,"Storite Nylon 46 Cm Imported Multi Purpose Travel Duffle Bag for Women with Dry and Wet Separate Pocket, Lightweight Waterproof Backpack Carry Luggage Bag with Shoe Compartment (GreenPink, 46x23x25 cm)","1,399",4.2 out of 5 stars,345
https://www.amazon.in/FATMUG-Laptop-Bag-Men-Convertible/dp/B084LFS4G1,FATMUG Laptop Bag For Men - Convertible Backpack For Office And Travel (Navy Blue Oxford Fabric),"1,599",4.4 out of 5 stars,"2,176"
https://www.amazon.in/FATMUG-Foldable-Luggage-Packing-Storage/dp/B07YFNXC3H,"FATMUG Polyester Foldable Duffle Travel Bag Luggage For Travel, Packing And Storage - Men And Women - (60 L, Black)","1,099",4.2 out of 5 stars,"1,411"
https://www.amazon.in/Police-Polyester-laptop-casual-backpack/dp/B09CQ5T3LN,POLICE Backpack for Men Casual Laptop Bag Office/Travel/College 30 Ltr Hedge Polyester - Black,"1,399",4.1 out of 5 stars,"5,737"
https://www.amazon.in/NORTH-ZONE-Lightweight-Backpacks-Stylish/dp/B0BL3SPN16,NORTH ZONE Lightweight school bags Backpacks for Boys Girls Stylish men and women Casual Travel Laptop Bag College office,482,3.9 out of 5 stars,836
https://www.amazon.in/Casual-Backpack-Charging-Laptop-Compartment/dp/B07J46KLFP,"Fur Jaden 15.6 Inch Laptop Backpack 25 LTR Bag for School, College and Office with USB Charging Port",479,3.9 out of 5 stars,"10,302"
https://www.amazon.in/MOKOBARA-Work-Backpack-Resistant-Reflection/dp/B0C9J8JJ6C,"MOKOBARA The Work Backpack - II Black Nylon Water Resistant (16"") Laptop | Work | Travel Bag for Men and Women","8,999",4.0 out of 5 stars,1
https://www.amazon.in/Arctic-Fox-Backpack-Charging-Laptop/dp/B089QBD333,Arctic Fox Slope Anti Theft 23 L Backpack with USB Charging Port 15 Inch Laptop Backpack (Marble Black),"1,439",4.5 out of 5 stars,"4,033"
https://www.amazon.in/COSMUS-Multipurpose-Backpack-Bag-compartment/dp/B078JVT384,"COSMUS Madison waterproof Multipurpose Backpack With laptop compartment , 33L","1,375",4.2 out of 5 stars,"2,267"
https://www.amazon.in/Lunars-V-Line-Resistant-Bagpack-College/dp/B08BP5CYDV,"Lunar's V-Line Backpack for Men, Blue | 35L Water Resistant School Bags for Boys | Stylish, & Durable | College Bags for Men/College Bag for Girls | 1 Yr Warranty",799,4.1 out of 5 stars,"2,633"
https://www.amazon.in/Kleider-Travel-Business-Messenger-Shoulder/dp/B084ZHP97M,DEIN KLEIDER Men's Nylon Messenger Bag,349,4.0 out of 5 stars,"5,145"
https://www.amazon.in/Gear-Vintage2-Leather-Backpack-LBPVG2LTH0201/dp/B07G4D13L7,Gear Vintage2 28L Faux Leather Water Resistant Anti Theft Laptop Bag/Backpack for Men/Women-Brown,987,4.4 out of 5 stars,"4,314"
https://www.amazon.in/Wesley-Milestone-Waterproof-Backpack-Business/dp/B07NJRPJ6Q,Wesley Milestone 15.6 inch 25 L Casual Waterproof Laptop Backpack/Office Bag/School Bag/College Bag/Business Bag/Unisex Travel Backpack (Black),448,4.3 out of 5 stars,"13,092"
https://www.amazon.in/American-Tourister-AMT-SCH-BAG02/dp/B07CGLDV2C,American Tourister Casual Backpack,"1,249",4.2 out of 5 stars,"4,051"
https://www.amazon.in/Number-Backpack-Compartment-Charging-Organizer/dp/B09VTDMRY7,"FUR JADEN Anti Theft Number Lock Backpack Bag with 15.6 Inch Laptop Compartment, USB Charging Port & Organizer Pocket for Men Women Boys Girls",679,4.0 out of 5 stars,"4,938"
https://www.amazon.in/F-Gear-Blow-Laptop-Backpack/dp/B078J63VRY,"F Gear Blow Laptop Backpack With Rain Cover 32 Liters (Black,Grey) Sch Bag","1,099",4.3 out of 5 stars,"1,289"
https://www.amazon.in/Half-Moon-Trekking-Bags-Compartment/dp/B08PSX1LN9,Half Moon 45L Hammer Waterproof Laptop Travelling Rucksack Trekking Backpack for Travel Journey bags for Men Women Boys & Girls with 17.3inch Laptop Compartment & Rain cover,"1,399",4.1 out of 5 stars,"1,366"
https://www.amazon.in/Genie-compartments-Lightweight-Travelling-Purpose-36/dp/B097JHSJTL,"Genie Lily Laptop Backpack for Women, 3 compartments, Stylish and Trendy College Bags for Girls, Water Resistant and Lightweight Bags for Office and Travelling Purpose.36 litres (19 inch) Black colour",899,5.0 out of 5 stars,1
https://www.amazon.in/NORTH-ZONE-Waterproof-Backpack-Dimensions/dp/B0BS6QM2GD,NORTH ZONE Casual Waterproof Laptop Backpack/Office Bag/School Bag/College Bag/Business Bag/Travel Backpack (Dimensions:13x18 inches) (Compatible with 39.62cm(15.6inch laptop) 30 L,630,4.0 out of 5 stars,480
https://www.amazon.in/Bennett-Mystic-Shoulder-Messenger-Repellent/dp/B08X2T2M8G,Bennett™ Mystic Formal Business Briefcase Bag Crossbody Messenger College Bags For Men Women MacBook INoteBook ITablet Laptop Upto 15.6 Inch | Handbags with Shoulder Straps (Blue) 6 Months Warranty,512,4.0 out of 5 stars,"6,214"
https://www.amazon.in/Lenovo-Carrying-15-6-Inch-Toploader-GX40Q17229/dp/B075Y6Y9H5,Lenovo 15.6-inch Casual Laptop Briefcase T210,979,4.2 out of 5 stars,"20,413"
https://www.amazon.in/American-Tourister-BACKPACK-COMPARTMENT-ORGANIZER/dp/B0BTD4FK9G,"American Tourister VALEX BLUE LAPTOP BACKPACK 28 Ltrs,Volume, LAPTOP COMPARTMENT, BOTTLE POCKET, FRONT ORGANIZER","1,399",4.2 out of 5 stars,520
https://www.amazon.in/Genie-Flamenco2-Backpack-Compatible-Resistant/dp/B08YF9VHTY,Genie Flamenco2 Casual Backpacks for Women,729,4.3 out of 5 stars,"1,510"
https://www.amazon.in/BennettTM-Shoulder-Messenger-Repellent-Charcoal/dp/B09CV24TMK,Bennett™ Mystic Unisex Adult Men's Laptop Bag 15.6 inch Side Shoulder Briefcase Satchel Messenger Business Bags for Men & Women Front Pocket for Laptop Accessories - Black (6 Month Warranty),512,4.0 out of 5 stars,"6,214"
https://www.amazon.in/Asus-BP1504-15-6-inch-Laptop-Backpack/dp/B0895ZZHKK,Asus BP1504 39.62 cm (15.6-inch) Laptop Backpack (Dark Grey),819,4.2 out of 5 stars,"1,697"
https://www.amazon.in/Half-Moon-Resistant-Backpack-Compartment/dp/B0BJ32LQ6X,Half Moon Large 37L Laptop Bag Backpack for menं Women Boys and Girls Luggage Travel Bags with 17.3 inches Laptop Compartment & Rain Cover,849,3.9 out of 5 stars,"3,234"
https://www.amazon.in/AmazonBasics-Casual-Backpack-Office-15-6-inch/dp/B09W4VMZ79,AmazonBasics - Casual Backpack/Office Bag/ for a 15.6-inch Laptop,699,4.2 out of 5 stars,650
https://www.amazon.in/Gear-Beige-Casual-Backpack-BKPTRMP520522/dp/B00VWM11HQ,Gear Cello 26 Ltrs Navy Blue and Beige Casual Backpack (BKPTRMP520522),838,4.2 out of 5 stars,"5,673"
https://www.amazon.in/Lavie-Sport-Duffle-Luggage-Wheeler/dp/B0992JCN1W,Lavie Sport Lino M Duffle Wheeler Bag for Travel | 2 Wheel Luggage Bag | Travel Bag with Adjustable Handle,749,3.8 out of 5 stars,"3,272"
https://www.amazon.in/School-school-partition-Collage-Backpack/dp/B09NNYCQ1Q,URBAN CARRIER School Bag For girls school bags for boys Class 5-10 Large 4 partition 45 L Laptop Collage Office Travel Unisex Backpack,431,3.5 out of 5 stars,962
https://www.amazon.in/Half-Moon-Backpack-Spacious-Multiple/dp/B0C6N3MYL2,Half Moon Aztec 37L School Bag Class 5-12 | College Bagpack for Men/College Back pack for Women | 15.6 inch Laptop Bag for Men/Backpack for Men | Spacious & Multiple Pockets,599,3.6 out of 5 stars,159
https://www.amazon.in/Wesley-Milestone-Waterproof-Backpack-Business/dp/B07K8KLB3P,"Wesley Unisex Milestone Casual Waterproof Laptop Office School College Business Travel Backpack 25 L (Dimensions: 12.5x18 inches) (Compatible with 15.6 inch laptops), Navy Blue",448,4.3 out of 5 stars,"13,092"
https://www.amazon.in/Half-Moon-Waterproof-Laptop-Backpack/dp/B09QM9N1B3,Half Moon 30L Waterproof 15.6 inch Laptop Office School College Bag Backpack for Men Women Boys & Girls,589,3.7 out of 5 stars,376
https://www.amazon.in/ZAINTO-Textured-Leatherette-Stylish-Travelling/dp/B09CTY23YG,ZAINTO Unisex Textured Leatherette Stylish 35 Liter Cabin Bags for Travelling in Flight 7kg Latest Travel Textured Leather Duffle Bags for Men and Women (Brown),799,4.2 out of 5 stars,858
https://www.amazon.in/LOOKMUSTER-Waterproof-Backpack-College-Business/dp/B0BZW8KW18,LOOKMUSTER (15.6 inch 30 L Casual Waterproof Laptop Backpack/Office Bag/School Bag/College Bag/Business Bag/Unisex Travel Backpack,439,3.9 out of 5 stars,33
https://www.amazon.in/Arctic-Fox-Backpack-Charging-Laptop/dp/B089QB6D7B,Arctic Fox Slope Anti Theft 23 L Backpack with USB Charging Port 15 Inch Laptop Backpack (Marble Black),"1,439",4.5 out of 5 stars,"4,033"
https://www.amazon.in/EUME-Virgo-29Ltr-Laptop-Backpack/dp/B08R563J3T,"EUME Virgo 3 Compartment Office and College Bags, Polyester Casual Daypacks, Laptop Backpacks","1,199",4.2 out of 5 stars,297
https://www.amazon.in/Genie-compartments-Resistant-Lightweight-Travelling/dp/B097JJDZ47,"Genie Bliss Laptop Backpack for Women, 3 compartments, Stylish and Trendy College Bags for Girls, Water Resistant and Lightweight Bags for Office and Travelling Purpose. 36 litres. (19 inch)",899,NA,NA
https://www.amazon.in/Genie-Heartbeat-compartments-Lightweight-Travelling/dp/B097JJFF6Z,"Genie Heartbeat Backpack for Women 3 compartments, School Bags for Girls, Stylish and Trendy College Backpacks for Girls, Water Resistant and Lightweight Bags for Office and Travelling Purpose.",870,4.5 out of 5 stars,272
https://www.amazon.in/Cosmus-Casual-Backpack-Charger-College/dp/B09HX54TGF,COSMUS Vogue Casual Laptop Backpack with USB Charger Port 46cm 26 Litre Maroon College Bag,"1,409",4.2 out of 5 stars,"1,413"
https://www.amazon.in/Swisslook-Polyester-15-6-inch-Backpack-Waterproof/dp/B07XYTZP4Z,Red Lemon Swisslook Polyester Bange Series 45L 15.6-inch Laptop Bags Backpack for Men and Women Semi Waterproof USB with Anti Theft Pocket Travel Backpack,"2,839",4.3 out of 5 stars,"1,708"
https://www.amazon.in/FUR-JADEN-Leatherette-Polypropylene-DUFF05/dp/B07M9BRCQ5,Fur Jaden Brown Textured Leatherette Stylish & Spacious Weekender Duffle Bag for Travel,NA,4.3 out of 5 stars,"6,286"
https://www.amazon.in/ADISA-Laptop-Backpack-Office-College/dp/B0BVRJYD9Q,ADISA 32L Large Laptop Backpack Office Bag College Travel Back Pack with rain Cover (Navy),599,3.7 out of 5 stars,44
https://www.amazon.in/Aristocrat-Zeal-Unisex-Grey-Laptop/dp/B0B5YHC1W5,Aristrocrat Unisex Laptop Bag Grey One Size,799,4.3 out of 5 stars,29
https://www.amazon.in/Wildcraft-Green-Casual-Backpack-11650-Green/dp/B079DV66TY,Wildcraft 29.5 Ltrs Green Casual Backpack (11650-Green),"1,039",4.1 out of 5 stars,392
https://www.amazon.in/Aristocrat-Unisex-Oxford-Fabric-28-82L/dp/B09ZV86P4S,Aristocrat Unisex Black Oxford Fabric 28.82L Laptop Bags,693,3.5 out of 5 stars,62
https://www.amazon.in/EUME-Virgo-29Ltr-Laptop-Backpack/dp/B08R563J3T,"EUME Virgo 3 Compartment Office and College Bags, Polyester Casual Daypacks, Laptop Backpacks","1,199",4.2 out of 5 stars,297
https://www.amazon.in/COSMUS-Polyester-Multi-functional-Convertible-15-6-Inch/dp/B07D1R1K84,COSMUS Agility Convertible Backpack Messenger Bag Shoulder bag Laptop Case Handbag Business Briefcase Multi-functional Travel Bag Fits 15.6 Inch Laptop,"2,255",4.2 out of 5 stars,967
https://www.amazon.in/Right-Choice-Stylish-College-Backpack/dp/B07ZVXDHCK,RIGHTCHOICE Quality Stylish Casual Backpack Daily use Unisex Typography College Bags (Boys and Girls),259,3.5 out of 5 stars,975
https://www.amazon.in/LIBRA-Motorcycle-Backpack-Waterproof-Programmable/dp/B0C944JRPV,"LIBRA LED Motorcycle Hard Shell Backpack, Waterproof Backpack with Programmable and Color Screen, DIY Smart LED Display, Travel Backpack, Laptop Bag for Men","24,859",4.0 out of 5 stars,1
https://www.amazon.in/BEAUTY-GIRLS-HOTSHOT-School-1565/dp/B0BFXCHQZ5,"BEAUTY GIRLS By HOTSHOT Girls School Bag (15ltr , Navy Blue, 1565)",499,3.7 out of 5 stars,273
https://www.amazon.in/Tabelito%C2%AE-Delta-Waterproof-Backpack-Compatible/dp/B0BLK1Z7DQ,"Tabelito® DELTA Casual Waterproof Laptop Backpack/Office Bag/School Bag/College Bag/Business Bag/Unisex Travel Backpack (Compatible with 15.6 inch Laptop) 30 L, (6 Month Warranty)",599,4.6 out of 5 stars,191
https://www.amazon.in/TRUE-EMPEROR-charging-college-CAPTAIN/dp/B0C6HZDWRQ,"TRUE HUMAN® EMPEROR 15.6 inch laptop bag with USB charging port Laptop bag,office bag, college bags anti theft (CAPTAIN)",649,3.8 out of 5 stars,8
https://www.amazon.in/Genie-Heartbeat-compartments-Lightweight-Travelling/dp/B097JJFF6Z,"Genie Heartbeat Backpack for Women 3 compartments, School Bags for Girls, Stylish and Trendy College Backpacks for Girls, Water Resistant and Lightweight Bags for Office and Travelling Purpose.",870,4.5 out of 5 stars,272
https://www.amazon.in/Cosmus-Casual-Backpack-Charger-College/dp/B09HX54TGF,COSMUS Vogue Casual Laptop Backpack with USB Charger Port 46cm 26 Litre Maroon College Bag,"1,409",4.2 out of 5 stars,"1,413"
https://www.amazon.in/Swisslook-Polyester-15-6-inch-Backpack-Waterproof/dp/B07XYTZP4Z,Red Lemon Swisslook Polyester Bange Series 45L 15.6-inch Laptop Bags Backpack for Men and Women Semi Waterproof USB with Anti Theft Pocket Travel Backpack,"2,839",4.3 out of 5 stars,"1,708"
https://www.amazon.in/FUR-JADEN-Leatherette-Polypropylene-DUFF05/dp/B07M9BRCQ5,Fur Jaden Brown Textured Leatherette Stylish & Spacious Weekender Duffle Bag for Travel,NA,4.3 out of 5 stars,"6,286"
https://www.amazon.in/Cosmus-Atomic-Compartment-Large-Laptop/dp/B077NZJ5XZ,COSMUS Atomic Dx 3 Compartment Large Laptop Bag Polyester Laptop Backpack,"1,939",4.4 out of 5 stars,"4,097"
https://www.amazon.in/GoTrippin-Camping-Outdoors-Polyester-Adjustable/dp/B088LHS5LP,"GoTrippin Waist Bags for Men Women- Premium Stitching, Branded Zippers, Waterproof pocket, RFID safe- Large Fanny pack for Hiking Travel Camping Running Sports Outdoors, Money Belt with Adjustable Strap (Polyester,Black)",999,4.5 out of 5 stars,"2,157"
https://www.amazon.in/SFANE-Duffel-Shoulder-Women-Compartment/dp/B07XXFB9CZ,Sfane Polyester 23cms Duffle/Shoulder/Gym Bag for Men & Women with Separate Shoe Compartment (Grey),427,4.3 out of 5 stars,"7,637"
https://www.amazon.in/ADISA-BP010-Weight-Casual-Backpack/dp/B07MXL986B,ADISA 32 Ltrs Water Resistant Casual Travel Bagpack/College Backpack/School Office Bag for Men and Women,499,4.0 out of 5 stars,"4,026"
https://www.amazon.in/Aristocrat-Unisex-Oxford-Fabric-28-82L/dp/B09ZV86P4S,Aristocrat Unisex Black Oxford Fabric 28.82L Laptop Bags,693,3.5 out of 5 stars,62
https://www.amazon.in/Mokobara-Transit-Backpack-Laptop-Sunray/dp/B09V7R98XC,"MOKOBARA The Transit Backpack - 30L Premium Nylon 15.6"" Unisex Laptop Bag With Luggage Sleeve","4,999",4.5 out of 5 stars,588
https://www.amazon.in/Cosmus-Casual-Backpack-Charger-College/dp/B08D7D21FV,Cosmus Vogue Casual Laptop Backpack with USB Charger Port 44cm 26 Litre Grey College Bag,"1,409",4.2 out of 5 stars,"1,413"
https://www.amazon.in/Crossbody-Adjustable-Durable-Water-Resistant-Travel-Friendly/dp/B0C3RC1ZG2,"Amazon Basics Sling Bag/Crossbody Bag with Adjustable Strap for Daily and Travel Use, Durable, Water-Resistant, Travel-Friendly (Unisex, Blue)",349,4.7 out of 5 stars,986
https://www.amazon.in/House-Quirk-Maternity-Backpack-Elephant/dp/B07QV7SH4S,House of Quirk Baby Diaper Bag Maternity Backpack (Blue Elephant Printed),"1,399",4.3 out of 5 stars,"3,913"
https://www.amazon.in/Lify-Womens-Shoulder-Crossbody-Handbag/dp/B09JWMLT7K,Lify Women's Retro Large Size Canvas Shoulder Bag Hobo Crossbody Handbag Casual Tote - 1 Piece,320,3.8 out of 5 stars,"1,637"
https://www.amazon.in/Right-Choice-Stylish-College-Backpack/dp/B07ZVXDHCK,RIGHTCHOICE Quality Stylish Casual Backpack Daily use Unisex Typography College Bags (Boys and Girls),259,3.5 out of 5 stars,975
https://www.amazon.in/Storage-Disposable-Freezer-Feeding-Transparent/dp/B099ZZ57FT,"Luv Lap LuvLap Baby Breast Milk Storage Bags (Pack of 25), BPA Free Disposable Milk Freezer Bags for Breast Feeding, Transparent",349,4.4 out of 5 stars,711
https://www.amazon.in/ADISA-Laptop-Backpack-College-z-Black/dp/B09TPY1G1W,ADISA 15.6 inch Laptop Backpack Office Bag College Travel Back Pack 32 Ltrs (z-Black),499,3.9 out of 5 stars,"1,022"
https://www.amazon.in/Amazon-Basics-Messenger-13-3-Inch-14-Inch/dp/B09WMQ4Y7H,"Amazon Basics- Laptop Messenger Bag for 13.3-Inch, 14-Inch, 15.6 -Inch Laptop Bag for Men and Women",499,3.7 out of 5 stars,61
https://www.amazon.in/FloMotif-Business-Shoulder-material-resistant/dp/B07NHYLTY7,ZOUK Black Floral Printed Handmade Vegan Leather Women's Office Bag for 15.6 inch Laptop with double handles - FloMotif,"1,689",4.3 out of 5 stars,956
https://www.amazon.in/Yondella-Sling-Medium-Sky-Blue/dp/B07TZ8R5QN,Caprese Yondella Women's Sling Bag,999,4.1 out of 5 stars,"1,284"
https://www.amazon.in/AmazonBasics-Casual-Backpack-Office-15-6-inch/dp/B09W4VMZ79,AmazonBasics - Casual Backpack/Office Bag/ for a 15.6-inch Laptop,699,4.2 out of 5 stars,650
https://www.amazon.in/Gear-Bounce-Backpack-Grey-Orange-BKPBOUNCE0604/dp/B097KCLF5F,Gear Bounce 27 Ltrs Water Resistant School Bag/Backpack/College Bag for Men/Women-Grey Orange,614,3.6 out of 5 stars,470
https://www.amazon.in/Tabelito-NEXA-Backpack-Business-Compartment/dp/B0C2D4KWQ6,"Tabelito® NEXA 3O L Water Resistant Laptop/College/Office/School/Travel/Business Bag, Unisex Backpack for Men Women Fits Up to 15.6 Inch Laptop Notebook. (GREY)",399,4.3 out of 5 stars,77
https://www.amazon.in/Crossbody-Adjustable-Durable-Water-Resistant-Travel-Friendly/dp/B0C3RC1ZG2,"Amazon Basics Sling Bag/Crossbody Bag with Adjustable Strap for Daily and Travel Use, Durable, Water-Resistant, Travel-Friendly (Unisex, Blue)",349,4.7 out of 5 stars,986
https://www.amazon.in/Kuber-Industries-Carrying-Multi-Purpose-CTKTC034726/dp/B083J6774T,Kuber Industries Rexine Jumbo Attachi Travel Blanket Cover|Travel Duffle|Storage Carrying Bag|Travel Multi-Purpose Bag|Size 58 x 48 x 34 CM (Grey) CTKTC034726,396,3.7 out of 5 stars,918
https://www.amazon.in/Storite-Cross-Travel-Dark-Grey/dp/B07PFF4RYC,Storite Stylish Padded Small Nylon Sling Cross Body Travel Office Business Messenger One Side Shoulder Bag for Men Women (25x16x7.5cm) (Dark Grey),395,4.1 out of 5 stars,"8,585"
https://www.amazon.in/Murano-Casual-daybackpack-Office-College/dp/B0BX9FLPNX,Murano Louis 10ltr Casual daybackpack/Office & Travel Bag/School Bag/College Bag/Men/Women/Girl/Boy (Orange),168,3.2 out of 5 stars,38
https://www.amazon.in/HEROZ-Hammer-Durable-Travel-Laptop/dp/B07MGDFT9C,HEROZ Hammer Unisex Nylon 45 L Travel Laptop Backpack Water Resistant Slim Durable Fits Up to 17.3 Inch Laptop Notebook (All) (Grey & Black),"1,499",4.3 out of 5 stars,"8,034"
https://www.amazon.in/Half-Moon-Waterproof-Backpack-Students/dp/B0BR149RMT,Half Moon 35 L Casual Waterproof Laptop Bag/Backpack for Men Women Boys Girls/Office School College Teens & Students with Rain Cover (18 Inch) (Sky Blue),699,3.6 out of 5 stars,88
https://www.amazon.in/Gear-Colorado-Orange-Laptop-Backpack/dp/B097K6KD7W,F Gear Colorado Grey Orange 39 Ltrs Laptop Backpack (3814),895,4.2 out of 5 stars,208
https://www.amazon.in/HYDER-Gamepad-Waterproof-Backpack-Everyday/dp/B0BR3KK8TR,"HYDER 35L Latest And Trendy Stylish Waterproof College/Casual/School Bag/Backpack For Kids, Boys, Girls, Men And Women | Best Bags For Everyday Use",735,4.2 out of 5 stars,133
https://www.amazon.in/Fur-Jaden-Charging-Waterproof-BM36_BlueZip/dp/B07MXM5M99,"Fur Jaden 15.6 Inch Laptop Backpack 25 LTR Bag for School, College and Office with USB Charging Port",479,3.9 out of 5 stars,"10,302"
https://www.amazon.in/HYDER-Gamepad-Waterproof-Backpack-Everyday/dp/B0BR3KK8TR,"HYDER 35L Latest And Trendy Stylish Waterproof College/Casual/School Bag/Backpack For Kids, Boys, Girls, Men And Women | Best Bags For Everyday Use",735,4.2 out of 5 stars,133
https://www.amazon.in/HEROZ-Hammer-Durable-Travel-Laptop/dp/B07MGDFT9C,HEROZ Hammer Unisex Nylon 45 L Travel Laptop Backpack Water Resistant Slim Durable Fits Up to 17.3 Inch Laptop Notebook (All) (Grey & Black),"1,499",4.3 out of 5 stars,"8,034"
https://www.amazon.in/NORTH-ZONE-Northzone-Business-Messenger/dp/B0C555LQF4,NORTH ZONE Northzone Sling Cross Body Travel Office Business Messenger One Side Shoulder Pouch Bag Money Bag for Men and Women,249,4.0 out of 5 stars,38
https://www.amazon.in/Half-Moon-Waterproof-Backpack-Students/dp/B0BR149RMT,Half Moon 35 L Casual Waterproof Laptop Bag/Backpack for Men Women Boys Girls/Office School College Teens & Students with Rain Cover (18 Inch) (Sky Blue),699,3.6 out of 5 stars,88
https://www.amazon.in/Gear-Colorado-Orange-Laptop-Backpack/dp/B097K6KD7W,F Gear Colorado Grey Orange 39 Ltrs Laptop Backpack (3814),895,4.2 out of 5 stars,208
https://www.amazon.in/Genie-Clara-Backpack-Women-compartments/dp/B097JJGR1N,"Genie Clara Backpack for Women - 3 compartments, Laptop Bags for Girls, Stylish and Trendy College Backpacks for Girls, Water Resistant and Lightweight Bags for Office and Travelling Purpose.","1,279",4.4 out of 5 stars,194
https://www.amazon.in/Fur-Jaden-Charging-Waterproof-BM36_BlueZip/dp/B07MXM5M99,"Fur Jaden 15.6 Inch Laptop Backpack 25 LTR Bag for School, College and Office with USB Charging Port",479,3.9 out of 5 stars,"10,302"
https://www.amazon.in/ZIPLINE-Polyester-Backpack-College-Outdoor/dp/B09XN3YD4Q,Zipline Unisex Casual Polyester 36 L Blue Backpack School Bag Women Men Boys Girls College Bag,843,3.6 out of 5 stars,112
https://www.amazon.in/LuvLap-Travel-Multifunctional-Waterproof-Bag-Backpack/dp/B07W6Z8XKB,LuvLap Lily Travel Multifunctional Waterproof Diaper Bag-Backpack Cum Tote Bag (Black),"1,149",4.4 out of 5 stars,942
https://www.amazon.in/Gear-Green-Casual-Backpack-BKPECOBP40503/dp/B019HA8DQQ,Gear Eco4 18L Water Resistant School Bag//Backpack/College Bag for Men/Women - Navy Blue,461,4.0 out of 5 stars,"4,258"
https://www.amazon.in/F-Gear-Circadian-Guc-Black-Casual-Backpack/dp/B084THQXCD,F Gear Circadian Guc Black 27 Ltrs Casual Backpack (3330),799,4.2 out of 5 stars,726
https://www.amazon.in/Mokobara-Backpack-Leather-Resistant-Laptop/dp/B0B7X8BYQJ,"MOKOBARA The Work Backpack 15.6"" Inch Laptop | Travel Backpack For Men And Women","7,499",4.6 out of 5 stars,83
https://www.amazon.in/PAZZO-Alto-40L-Casual-Backpack/dp/B07VT3F795,"PAZZO Alto 40L Casual Backpack - 3 Compartment Travel Backpack, College|School Bag with 1 Year Warranty",849,4.0 out of 5 stars,"1,768"
https://www.amazon.in/Impulse-rucksack-60-backpack-trekking/dp/B09TDL9FJ8,Impulse rucksack bags 60 litres travel bag for men tourist bag for travel backpack for hiking trekking Bag for men camping thames blue bag with 1 Year Warranty,999,3.9 out of 5 stars,341
https://www.amazon.in/Wildcraft-Typo_Blk-Casual-Backpack-11619-Typo_Blk/dp/B079MBFH5V,Wildcraft 35 ltrs (19 Cms) Casual Backpack(11619-Typo_Blk_Black),"1,394",4.1 out of 5 stars,397
https://www.amazon.in/Asus-BP1504-15-6-inch-Laptop-Backpack/dp/B0895ZZHKK,Asus BP1504 39.62 cm (15.6-inch) Laptop Backpack (Dark Grey),819,4.2 out of 5 stars,"1,697"
https://www.amazon.in/Gear-Green-Casual-Backpack-BKPECOBP40503/dp/B019HA8DQQ,Gear Eco4 18L Water Resistant School Bag//Backpack/College Bag for Men/Women - Navy Blue,461,4.0 out of 5 stars,"4,258"
https://www.amazon.in/Asus-BP1504-15-6-inch-Laptop-Backpack/dp/B0895ZZHKK,Asus BP1504 39.62 cm (15.6-inch) Laptop Backpack (Dark Grey),819,4.2 out of 5 stars,"1,697"
https://www.amazon.in/DZert-Polyester-Black-White-Laptop/dp/B07H193V57,DZert Clasy Laptop Bag College Bag for Boys Girls 21 L Black,339,3.8 out of 5 stars,"2,496"
https://www.amazon.in/Mokobara-Backpack-Leather-Resistant-Laptop/dp/B0B7X8BYQJ,"MOKOBARA The Work Backpack 15.6"" Inch Laptop | Travel Backpack For Men And Women","7,499",4.6 out of 5 stars,83
https://www.amazon.in/PAZZO-Alto-40L-Casual-Backpack/dp/B07VT3F795,"PAZZO Alto 40L Casual Backpack - 3 Compartment Travel Backpack, College|School Bag with 1 Year Warranty",849,4.0 out of 5 stars,"1,768"
https://www.amazon.in/Tabelito-NEO-Backpack-Business-Compartment/dp/B0C2D24G29,"Tabelito® NEO 3O L Water Resistant Laptop/College/Office/School/Travel/Business Bag, Unisex Backpack for Men Women Fits Up to 15.6 Inch Laptop Notebook.",399,3.9 out of 5 stars,107
https://www.amazon.in/Impulse-rucksack-60-backpack-trekking/dp/B09TDL9FJ8,Impulse rucksack bags 60 litres travel bag for men tourist bag for travel backpack for hiking trekking Bag for men camping thames blue bag with 1 Year Warranty,999,3.9 out of 5 stars,341
https://www.amazon.in/MosQuick%C2%AE-Drawstring-Organizing-Stationery-multipurpose/dp/B09SB42QFQ,"MosQuick® Clear large Drawstring Bags Clear Plastic Travel Bags, Travel Garments Organizing Storage Plastic Bags ,Shoe bags , Stationery Bag,multipurpose bag - Translucent",310,4.0 out of 5 stars,69
https://www.amazon.in/YuvKuz-TM-Infocus-Digitizer-Assembly/dp/B07MXNWTB2,Lavie Women's Nova Tote Bag | Ladies Purse Handbag,999,4.2 out of 5 stars,"8,594"
https://www.amazon.in/Messenger-Water-resistant-Briefcase-Multiple-Men-Black/dp/B0B6G58BYC,"Arctic Hunter Laptop Bag Office Laptop Messenger Bag with 15.6-inch Laptop Pocket Removeable Shoulder Strap Anti-theft Laptop Office Briefcase with Hidden Pocket 4 Zipper Pocket Water-resistant Laptop Sling Bag for Men and Women, Black","2,999",4.5 out of 5 stars,106
https://www.amazon.in/Bennett-15-6-inch-College-Repellent-Backpack/dp/B09WZHX3B1,"Bennett Casual Laptop Bag school bags for boys girls 15.6-inch, 25 LTR Office & College bags for mens Water Repellent Backpack for Men & Women (Black)",512,3.9 out of 5 stars,330
https://www.amazon.in/Shoulder-Lightweight-Duffle-Weekend-Blue-Orange/dp/B09139DYF1,"Aurion Vista Polyester Sports Gym Duffle Bag with Wet Pocket and Shoe Compartment - 1Pc (Blue, 24 Cms) | Lightweight Duffle Bags | Travel Duffel Backpack for Men and Women | Camping | Swimming | Yoga",349,4.0 out of 5 stars,"1,088"
https://www.amazon.in/Wildcraft-Typo_Blu-Casual-Backpack-11619-Typo_Blu/dp/B079DDV3JD,Wildcraft 35 Ltrs Casual Backpack (11619-Blue),"1,298.",4.2 out of 5 stars,234
https://www.amazon.in/FUR-JADEN-Backpack-Accessories-Organiser/dp/B0BSHBC51P,"FUR JADEN 15.6 Inch Smart Laptop Backpack Bag With USB Charging Port, Anti Theft Pocket and Accessories Organiser for Men Women Boys Girls","1,329",4.1 out of 5 stars,563
https://www.amazon.in/Adjustable-Compartment-Lightweight-Water-Resistant-Travel-Friendly/dp/B0C3RDFPVN,"Amazon Basics Laptop Messenger Bag with Adjustable Shoulder Strap, Padded Compartment & Storage Pockets, Lightweight, Water-Resistant, Travel-Friendly, Fits Up To 15.6"" Laptops (Unisex, Black & Grey)",869,4.7 out of 5 stars,986
https://www.amazon.in/Glowic-Hopping-Shoulder-Handbags-WBAG-34/dp/B09HHNZ47K,"Glowic Hopping Grocery, Travel, Beach | Shoulder Handbags Women, College Bags for Girls Stylish Trendy(WBAG-34) (Multi Colour)",459,3.7 out of 5 stars,432
https://www.amazon.in/Adjustable-Compartment-Lightweight-Water-Resistant-Travel-Friendly/dp/B0C3RDFPVN,"Amazon Basics Laptop Messenger Bag with Adjustable Shoulder Strap, Padded Compartment & Storage Pockets, Lightweight, Water-Resistant, Travel-Friendly, Fits Up To 15.6"" Laptops (Unisex, Black & Grey)",869,4.7 out of 5 stars,986
https://www.amazon.in/Glowic-Hopping-Shoulder-Handbags-WBAG-34/dp/B09HHNZ47K,"Glowic Hopping Grocery, Travel, Beach | Shoulder Handbags Women, College Bags for Girls Stylish Trendy(WBAG-34) (Multi Colour)",459,3.7 out of 5 stars,432
https://www.amazon.in/ADISA-BP004-Weight-Casual-Backpack/dp/B07G3CG9FC,ADISA Laptop Backpack 31 Ltrs,399,4.0 out of 5 stars,"8,968"
https://www.amazon.in/Wildcraft-Typo_Blu-Casual-Backpack-11619-Typo_Blu/dp/B079DDV3JD,Wildcraft 35 Ltrs Casual Backpack (11619-Blue),"1,298.",4.2 out of 5 stars,234
https://www.amazon.in/Gizga-Essentials-Organizer-Multi-Utility-Cosmetics/dp/B09WVRKYCJ,"Gizga Essentials Travel Toiletry Kit Bag for Men & Women, Travel Organizer Case with Handle & Hook, Premium Zipper, Multiple Pockets, Multi-Utility Pouch for Shaving Makeup Cosmetics, Light Grey",349,4.2 out of 5 stars,162
https://www.amazon.in/Gear-Expandable-RainCover-Grey-Black-TLPTURBO00401/dp/B097KDRZ67,Gear Turbo 45L Expandable Water Resistant Antitheft Laptop Bag/Backpack/Briefcase For Men/Women With Raincover (Grey),NA,4.4 out of 5 stars,"1,065"
https://www.amazon.in/ADISA-SL5038-women-girls-sling/dp/B08Q4FHQLN,ADISA SL5038 women girls sling bag,564,4.1 out of 5 stars,"1,194"
https://www.amazon.in/Lenovo-Carrying-15-6-Inch-Toploader-GX40Q17230/dp/B075Y8294N,Lenovo 15.6-inch Casual Laptop Briefcase T210,979,4.3 out of 5 stars,"4,336"
https://www.amazon.in/Safari-45L-21-OB-BLK/dp/B07BZ5VC4H,Safari Seek 45 Ltrs Overnighter Expandable Travel Laptop Backpack,"2,499",4.5 out of 5 stars,"7,247"
https://www.amazon.in/LOOKMUSTER-Waterproof-Backpack-College-Business/dp/B0BS6YGKMC,LOOKMUSTER Casual Waterproof Laptop Backpack/Office Bag/School Bag/College Bag/Business Bag/Travel Backpack…,499,3.9 out of 5 stars,37
https://www.amazon.in/Lavie-Sport-Chairman-Compatible-compartments/dp/B09YCSCRBW,Lavie Sport Chairman Backpack with Laptop Sleeve | Premium Leatherette Business Backpack for Men & Women | Durable Office Bag for Notebook/MacBook,849,4.0 out of 5 stars,"1,261"
https://www.amazon.in/Auxter-Premium-Sports-Compartment-Black-Green/dp/B08XWBDGMB,AUXTER Premium Sports Gym Duflle Bag with Shoe Compartment for Men and Women,454,4.3 out of 5 stars,"1,281"
https://www.amazon.in/MOKOBARA-Work-Backpack-Resistant-Homegrown/dp/B0C7QGMGHB,"MOKOBARA The Work Backpack 15.6"" Inch Laptop | Travel Backpack For Men And Women","7,499",5.0 out of 5 stars,1
https://www.amazon.in/STRAUSS-Jute-Yoga-Shoulder-Strap/dp/B0BBWM221J,"STRAUSS Yoga Mat Bag Cover with Shoulder Strap with Pocket for Men & Women, Drawstring and Full Zip,(Multicolor)",179,3.6 out of 5 stars,739
https://www.amazon.in/Gear-ltr-Black-Orange-DUFPRO2000106/dp/B00Z93WSVW,Gear polyester 44 cms Duffle Bag(DUFPRO2000106_Black),431,4.3 out of 5 stars,836
https://www.amazon.in/Red-Lemon-Capacity-Backpack-Multifunctional/dp/B09RK4BRPM,"Red Lemon Swiss Cut Design 15.6 Inch Smart Laptop Backpack Bag With USB Charging Port, Anti Theft Pocket and Accessories Organiser for Men Women Boys Girls","1,799",4.4 out of 5 stars,"1,062"
https://www.amazon.in/STRAUSS-Jute-Yoga-Shoulder-Strap/dp/B0BBWM221J,"STRAUSS Yoga Mat Bag Cover with Shoulder Strap with Pocket for Men & Women, Drawstring and Full Zip,(Multicolor)",179,3.6 out of 5 stars,739
https://www.amazon.in/Gear-ltr-Black-Orange-DUFPRO2000106/dp/B00Z93WSVW,Gear polyester 44 cms Duffle Bag(DUFPRO2000106_Black),431,4.3 out of 5 stars,836
https://www.amazon.in/Wildcraft-Typo_Blu-Casual-Backpack-11619-Typo_Blu/dp/B079DDV3JD,Wildcraft 35 Ltrs Casual Backpack (11619-Blue),"1,298.",4.2 out of 5 stars,234
https://www.amazon.in/ADISA-BP010-Weight-Casual-Backpack/dp/B07MXL986B,ADISA 32 Ltrs Water Resistant Casual Travel Bagpack/College Backpack/School Office Bag for Men and Women,499,4.0 out of 5 stars,"4,026"
https://www.amazon.in/Gear-LOGI-Q-Resistant-Backpack-Black-White/dp/B0BTJ2VV17,Gear LOGI-Q 27L Water Resistant Laptop Bag/Backpack/Office Bag for Men/Women (Black-White),945,5.0 out of 5 stars,2
https://www.amazon.in/ADISA-SL5038-women-girls-sling/dp/B08Q4FHQLN,ADISA SL5038 women girls sling bag,564,4.1 out of 5 stars,"1,194"
https://www.amazon.in/Fur-Jaden-resistant-Backpack-BM100_Brown/dp/B07P5X6NSN,FUR JADEN Vegan Leather 30L 15.6 Inch Laptop Backpack for Men Women for Office Professionals and College Students Brown,839,4.2 out of 5 stars,"2,321"
https://www.amazon.in/Tabelito-NEXA-Backpack-Business-Compartment/dp/B0C2D3YR7T,"Tabelito® NEXA 3O L Water Resistant Laptop/College/Office/School/Travel/Business Bag, Unisex Backpack for Men Women Fits Up to 15.6 Inch Laptop Notebook. (GREY)",399,4.3 out of 5 stars,77
https://www.amazon.in/Lavie-Sport-Chairman-Compatible-compartments/dp/B09YCSCRBW,Lavie Sport Chairman Backpack with Laptop Sleeve | Premium Leatherette Business Backpack for Men & Women | Durable Office Bag for Notebook/MacBook,849,4.0 out of 5 stars,"1,261"
https://www.amazon.in/Storite-Laptop-Shoulder-Messenger-Bag/dp/B08WZ9KP7Q,"Storite Multi-Pocket 15.6 Inch PU Leather Laptop Bag for Men, Shoulder Sling Business Messenger Office Bag Carrying Notebook, Tablet Handbags for Women","1,299",3.8 out of 5 stars,395
https://www.amazon.in/SPENZ-BAGS-Backpack-Raincover-Baby-Pink/dp/B0C3RNFHHV,"SPENZ BAGS Travel Laptop Backpack for Women & Men|Carry On Bag, College & School Students Bookbag With Raincover",999,4.2 out of 5 stars,120
https://www.amazon.in/Red-Lemon-Capacity-Backpack-Multifunctional/dp/B09RK4BRPM,"Red Lemon Swiss Cut Design 15.6 Inch Smart Laptop Backpack Bag With USB Charging Port, Anti Theft Pocket and Accessories Organiser for Men Women Boys Girls","1,799",4.4 out of 5 stars,"1,062"
https://www.amazon.in/Trajectory-Elegant-15-6-Laptop-Office/dp/B09RK6NCGC,Trajectory 15.6 Inch Vegan Leather Messenger Laptop bag for men in Office for all laptop like Apple MacBook with 2 Years Warranty and Spacious Multiple Compartment with Expandable Bottom Used as Shoulder and Handbag for Men,"1,499",4.1 out of 5 stars,477
https://www.amazon.in/PUMA-Laptop-Backpack-IND-Red-Peacoat/dp/B08BTPS12W,Puma unisex-adult PUMA Laptop Backpack IND III Puma Red-Peacoat Laptop,"1,125",2.8 out of 5 stars,29
https://www.amazon.in/uppercase-Professional-resistant-sustainable-Anti-theft/dp/B0BR1C59R8,"uppercase SealPro Professional Laptop Backpack (15.6 Inch) 3x more water resistant sustainable bags with rain proof zippers & Anti-theft for Men, Women, Boys and Girls, 750 Days warranty","1,900",4.6 out of 5 stars,69
https://www.amazon.in/Multicolour-Printed-Drawstring-Polyester-Backpack/dp/B09ZL3SCTQ,18 L Multicolour Printed Drawstring Polyester Multi Utility Bag for Sports/Gym/Yoga/College/Casual Backpack – Light Weight/Washable,199,4.4 out of 5 stars,6
https://www.amazon.in/Lavie-Sport-Chairman-Compatible-compartments/dp/B09YCSCRBW,Lavie Sport Chairman Backpack with Laptop Sleeve | Premium Leatherette Business Backpack for Men & Women | Durable Office Bag for Notebook/MacBook,849,4.0 out of 5 stars,"1,261"
https://www.amazon.in/TUFFGEAR-Workout-Litre-Duffle-Yellow/dp/B08R7HYFM1,TUFFGEAR Polyester Gym Bag Workout 23 Litre Gym Duffle Bag Yellow,563,4.1 out of 5 stars,999
https://www.amazon.in/AirCase-C25-Messenger-Shoulder-Compartments/dp/B07X6DV3VM,"AirCase Office Messenger Sling Bag fits upto 15.6"" Laptop/Macbook, Detachable Shoulder Strap, Waterproof, Shockproof, Carry Handle with Spacious Pockets, For Men & Women, Blue- with Warranty",949,3.9 out of 5 stars,"1,336"
https://www.amazon.in/TRAVEL-POINT-Backpack-Multipurpose-DOUBLE-LINE-YELLOW/dp/B0B2JRGLXQ,TRAVEL POINT 30L Laptop Backpack | School Bag | School Backpack | College Backpack | Travel Backpack | Office Backpack | Multipurpose Backpack For Men & Women (DOUBLE-LINE-YELLOW) with 1 Year Warranty,489,3.9 out of 5 stars,15
https://www.amazon.in/Red-Lemon-Capacity-Backpack-Multifunctional/dp/B09RK4BRPM,"Red Lemon Swiss Cut Design 15.6 Inch Smart Laptop Backpack Bag With USB Charging Port, Anti Theft Pocket and Accessories Organiser for Men Women Boys Girls","1,799",4.4 out of 5 stars,"1,062"
https://www.amazon.in/Trajectory-Elegant-15-6-Laptop-Office/dp/B09RK6NCGC,Trajectory 15.6 Inch Vegan Leather Messenger Laptop bag for men in Office for all laptop like Apple MacBook with 2 Years Warranty and Spacious Multiple Compartment with Expandable Bottom Used as Shoulder and Handbag for Men,"1,499",4.1 out of 5 stars,477
https://www.amazon.in/Storite-Leather-Laptop-Bag-inch/dp/B081GQJLD2,"Storite PU Leather 14 inch Laptop Messenger Organizer Bag/Shoulder Sling Office Bag for Men, Notebook, Tablet Carrying Handbags For Women - Light Brown",999,4.0 out of 5 stars,"1,628"
https://www.amazon.in/uppercase-Professional-resistant-sustainable-Anti-theft/dp/B0BR1C59R8,"uppercase SealPro Professional Laptop Backpack (15.6 Inch) 3x more water resistant sustainable bags with rain proof zippers & Anti-theft for Men, Women, Boys and Girls, 750 Days warranty","1,900",4.6 out of 5 stars,69
https://www.amazon.in/Trajectory-Messenger-Warranty-Compartment-Expandable/dp/B0BCQCWMPW,Trajectory 15.6 Inch Vegan Leather Messenger Laptop bag for men in Office for all laptop like Apple MacBook with 2 Years Warranty and Spacious Multiple Compartment with as Shoulder and Handbag for Men,"1,399",4.3 out of 5 stars,22
https://www.amazon.in/YuvKuz-TM-Infocus-Digitizer-Assembly/dp/B07MXNWTB2,Lavie Women's Nova Tote Bag | Ladies Purse Handbag,999,4.2 out of 5 stars,"8,594"
https://www.amazon.in/AirCase-Messenger-Detachable-Compartments-Repellent/dp/B0B74Z4F6P,"AirCase Premium Messenger Bag fits Upto 14.1"" Laptop/MacBook with Handles & Detachable Shoulder Strap |Multiple Spacious Compartments | 2 in 1 Usage | Water Repellent Durable Polyester (Grey)",529,3.5 out of 5 stars,67
https://www.amazon.in/Hilfiger-Connor-Backpack-TH-CONNORLAP07/dp/B07N99SXB1,Tommy Hilfiger Connor Laptop Backpack,"1,649",4.1 out of 5 stars,127
https://www.amazon.in/ZOUK-Womens-Office-Bag-Multicolour/dp/B09DF2NPCS,ZOUK Mughal Art Printed Handmade Vegan Leather Women's Office Bag for 15.6 inch Laptop with Double Handles,"1,689",4.2 out of 5 stars,105
https://www.amazon.in/Capriff-Liters-Collage-travell-Backpack/dp/B084T7X2HX,CAPRIFF 32 L Casual Waterproof Laptop Bag/Backpack for Men Boys & Girls For Office School College Teens & Students with Rain Cover With adjustable Strap With 2 Compartment,539,3.8 out of 5 stars,"3,102"
https://www.amazon.in/Polyester-Crossbody-Messenger-Business-Spacious/dp/B09TL193PL,CRALOFT Polyester 11.5 inch Side Bag For Men/Sling Bag/Crossbody Tablet Messenger Bag For Office Business Travel (Extra Spacious),529,4.3 out of 5 stars,454
https://www.amazon.in/Martucci-Waterproof-Backpack-College-Business/dp/B0BRJRVH6D,Martucci Jersey 45L Casual Waterproof Laptop Backpack/Office Bag/School Bag/College Bag/Business Bag/Unisex Travel Backpack,809,3.7 out of 5 stars,159
https://www.amazon.in/Skybags-Unisex-Blith-Jacquard-Backpacks/dp/B0B21Z3DBD,Skybags 22 ltrs (16 Cms) backpack(BPFLE22EBTH_Blith),904,4.2 out of 5 stars,36
https://www.amazon.in/ZOUK-Womens-Office-Bag-Multicolour/dp/B09DF2NPCS,ZOUK Mughal Art Printed Handmade Vegan Leather Women's Office Bag for 15.6 inch Laptop with Double Handles,"1,689",4.2 out of 5 stars,105
https://www.amazon.in/Capriff-Liters-Collage-travell-Backpack/dp/B084T7X2HX,CAPRIFF 32 L Casual Waterproof Laptop Bag/Backpack for Men Boys & Girls For Office School College Teens & Students with Rain Cover With adjustable Strap With 2 Compartment,539,3.8 out of 5 stars,"3,102"
https://www.amazon.in/PUMA-Limoges-Laptop-Backpack-7548709/dp/B07D5QZ76G,"Puma Laptop Backpack (7548709, Limoges, 22 Ltrs)",999,4.3 out of 5 stars,788
https://www.amazon.in/Safari-Polyester-Cms-Travel-KRYPTON17DFBLK_Black/dp/B097L3XJ38,Safari Polyester 24 Cms Travel Bag(KRYPTON17DFBLK_Black),575,4.4 out of 5 stars,25
https://www.amazon.in/DailyObjects-Lush-Midnight-Trapeze-Crossbody/dp/B082HZVTRG,DailyObjects Trapeze Sling Crossbody Bag for Girls and Women | Made with Durable Vegan Leather Material | Carefully Handcrafted | Zip Closure | Adjustable and Detachable Straps | Multicolor,"1,099",4.0 out of 5 stars,"1,255"
https://www.amazon.in/POLICE-BRETHA-LAPTOP-BACKPACK-MAROON/dp/B0BLBZSF26,POLICE BRETHA LAPTOP BACKPACK,999,3.0 out of 5 stars,2
https://www.amazon.in/CLOWNFISH-Critters-Polyester-Staionery-Black-Galaxy/dp/B0BVJ526VS,THE CLOWNFISH Cosmic Critters Series Printed Polyester 15 Litres Kids Backpack Unisex School Bag with Free Pencil Staionery Pouch Daypack Casual Backpack Picnic Bag for tiny tots boys & girls,799,4.4 out of 5 stars,192
https://www.amazon.in/DIVULGE-Drawstring-Bag-Sports-Utility/dp/B07PXTDBH4,"DIVULGE Multi Utility Drawstring Bag (Black , 16 L)",155,4.0 out of 5 stars,"1,141"
https://www.amazon.in/ADISA-Laptop-Backpack-Office-College/dp/B0BXQD8DZX,ADISA Large Laptop Backpack Office Bag College Travel Back Pack with USB (Grey),499,3.9 out of 5 stars,82
https://www.amazon.in/F-Gear-Enzo-Red-Sports-Waist-Bag/dp/B0862LF7HS,F Gear Enzo Sports Waist Bag (.Red),236,4.1 out of 5 stars,914
https://www.amazon.in/Wesley-DareDevil-Resistant-Backpack-LaptopBackpack/dp/B0CB8932FN,Wesley DareDevil 35 L Water Resistant College Backpack/Travel Bagpack/School Bag/Office Bag/Business Backpack/LaptopBackpack/Daypack for Men and Women,499,NA,NA
https://www.amazon.in/uppercase-Professional-Backpack-resistant-sustainable/dp/B0BWNBQXDZ,"uppercase Apex Professional Laptop Backpack (15.6 Inch) 3x more water resistant sustainable bags with rain proof zippers for Men, Women, Boys and Girls, 750 Days warranty","1,800",4.3 out of 5 stars,66
https://www.amazon.in/Lenovo-Professional-Backpack-Water-resistant-Uncompromised/dp/B08R7S55H4,"Lenovo 15.6"" Professional Backpack, Made in India, Water-resistant,Uncompromised storage, Travel friendly:Fleece-lined PC compartment,Vented,Padded BackPanel & Adjustable shoulder straps,Luggage strap",701,4.2 out of 5 stars,910
https://www.amazon.in/TAGUDA-foldable-portable-lightweight-organizer/dp/B0B8CSC4F1,TAGUDA travel foldable portable lightweight luggage storage duffle tote hand organizer easy carry bags backpack set for men women travel luggage (Mint Green Travel bag),299,3.5 out of 5 stars,86
https://www.amazon.in/MuscleBlaze-Duffle-Women-Sports-Weekender/dp/B0C8BBNB8B,"MuscleBlaze Gym Duffle Bag for Women and Men, Sports Bag, Weekender Bag, Black, 30 L",449,5.0 out of 5 stars,4
https://www.amazon.in/MuscleBlaze-Duffle-Women-Sports-Weekender/dp/B0C8BBNB8B,"MuscleBlaze Gym Duffle Bag for Women and Men, Sports Bag, Weekender Bag, Black, 30 L",449,5.0 out of 5 stars,4
https://www.amazon.in/POLESTAR-Ranker-Casual-Bagpack-Backpack/dp/B08421BRQ2,"POLESTAR Ranker 15.6 inch 32 LTR Casual Laptop Backpack/Office Bag/School Bag/College Bag/Business Bag/Unisex Backpack, Water Resistant and Light Weight, 1 year Warranty",669,4.1 out of 5 stars,"7,566"
https://www.amazon.in/uppercase-Professional-Backpack-resistant-sustainable/dp/B0BWNBQXDZ,"uppercase Apex Professional Laptop Backpack (15.6 Inch) 3x more water resistant sustainable bags with rain proof zippers for Men, Women, Boys and Girls, 750 Days warranty","1,800",4.3 out of 5 stars,66
https://www.amazon.in/HP-Lightweight-100-Gray-Backpack/dp/B08CY1V6P7,HP Lightweight 100 Laptop Backpack with Elastic and Padded Shoulder Straps (Gray),"1,026",4.0 out of 5 stars,173
https://www.amazon.in/Half-Moon-Spacious-Backpack-Compartment/dp/B0C23BYDML,Half Moon Strike 35L Unisex Spacious School/Laptop/College/Office Travel Backpack Bag for Men Women Boys & Girls with 15.6 inch Padded Laptop Compartment & Multiple Pockets,699,3.4 out of 5 stars,19
https://www.amazon.in/TAGUDA-foldable-portable-lightweight-organizer/dp/B0B8CSC4F1,TAGUDA travel foldable portable lightweight luggage storage duffle tote hand organizer easy carry bags backpack set for men women travel luggage (Mint Green Travel bag),299,3.5 out of 5 stars,86
https://www.amazon.in/MOKOBARA-THABF12CSC22001-Briefcase-Surf-Camp/dp/B08SWM8XVW,"MOKOBARA The Briefcase - 15.6"" Blue Laptop Messenger Bag for Men & Women","5,499",4.5 out of 5 stars,318
https://www.amazon.in/Red-Lemon-Unisex-adult-Waterproof-Charging/dp/B09VGNTJTN,Red Lemon Unisex-adult Bange Series Rhombus Shell Design Waterproof Sling Bag with USB Charging (Blue),"1,899",4.2 out of 5 stars,16
https://www.amazon.in/London-Stylish-Passport-Adjustable-246_Black/dp/B07ZFT873B,K London Stylish Real Leather Black Waist Bag Elegant Style Travel Pouch Passport Holder with Adjustable Strap(246_Black),335,4.2 out of 5 stars,"2,374"
https://www.amazon.in/Skybags-Valor-NXT-01-blue/dp/B0BK4857ZN,Skybags Unisex Polyester Solid Valor Nxt 01 Laptop Backpack Blue,"1,999",4.7 out of 5 stars,5
https://www.amazon.in/Genie-compartments-Resistant-Lightweight-Travelling/dp/B097JJ64SH,"Genie Fringe Laptop Backpack for Women, 3 compartments, Stylish and Trendy College Bags for Girls, Water Resistant and Lightweight Bags for Office and Travelling Purpose. 36 litres","1,299",5.0 out of 5 stars,8
https://www.amazon.in/Waterproof-Backpack-College-Business-Dimensions/dp/B0BW95MXRJ,NORTH ZONE Casual Waterproof Laptop Backpack/Office Bag/School Bag/College Bag/Business Bag/Travel Backpack (Dimensions:13x18 inches) (Compatible with 39.62cm(15.6inch laptop) 30 L (Blue & black),486,4.5 out of 5 stars,2
https://www.amazon.in/American-Tourister-FS0-11-001/dp/B07S13P8BW,American Tourister Spin 49 cms Teal Laptop Backpack,"1,699",4.0 out of 5 stars,"1,479"
https://www.amazon.in/Amazon-Basics-Laptop-Backpack-Repellent/dp/B09W43XLBY,"AmazonBasics Water Repellent and Wear Resistant Laptop Backpack - 24L, Blue",709,4.2 out of 5 stars,650
https://www.amazon.in/ADISA-Laptop-Backpack-Office-College/dp/B0BPVCBFM7,ADISA 32L Large Laptop Backpack Office Bag College Travel Back Pack with rain Cover (Green),599,3.8 out of 5 stars,262
https://www.amazon.in/Lavie-Sara-Front-Sling-Medium/dp/B08JDK6VT1,Lavie Women's Sara Box Sling Bag | Ladies Purse Handbag,812,4.0 out of 5 stars,"1,880"
https://www.amazon.in/Derben-Fabric-Leather-Laptop-Messenger/dp/B08TVL3MWJ,"DERBEN CLOVE® 15.6 Men and Women Laptop, MacBook Shoulder Messenger Sling Office Bag - Grey",899,4.1 out of 5 stars,157
https://www.amazon.in/Red-Lemon-Unisex-adult-Waterproof-Charging/dp/B09VGNTJTN,Red Lemon Unisex-adult Bange Series Rhombus Shell Design Waterproof Sling Bag with USB Charging (Blue),"1,899",4.2 out of 5 stars,16
https://www.amazon.in/NORTH-ZONE-Lightweight-Backpacks-Stylish/dp/B0BL3S5NC1,NORTH ZONE Lightweight school bags Backpacks for Boys Girls Stylish men and women Casual Travel Laptop Bag College office,630,3.9 out of 5 stars,836
https://www.amazon.in/Waterproof-Backpack-Students-adjustable-Compartment/dp/B09V5HRYR7,CAPRIFF 32 L Casual Waterproof Laptop Bag/Backpack for Men Boys & Girls For Office School College Teens & Students with Rain Cover With adjustable Strap With 2 Compartment,699,3.8 out of 5 stars,"3,102"
https://www.amazon.in/London-Stylish-Passport-Adjustable-246_Black/dp/B07ZFT873B,K London Stylish Real Leather Black Waist Bag Elegant Style Travel Pouch Passport Holder with Adjustable Strap(246_Black),335,4.2 out of 5 stars,"2,374"
https://www.amazon.in/F-Gear-Axe-Black-Navy-Blue-bag/dp/B00MI562BG,F Gear Axe 27L Black Navy Blue School Bag 1860,969,4.2 out of 5 stars,"5,816"
https://www.amazon.in/Wildcraft-Hopper-Laptop-Backpack-Blue/dp/B07YNL6H8H,Wildcraft Hopper 1.0 Laptop Backpack 24L (Blue),"1,390",4.5 out of 5 stars,8
https://www.amazon.in/American-Tourister-FS0-11-001/dp/B07S13P8BW,American Tourister Spin 49 cms Teal Laptop Backpack,"1,699",4.0 out of 5 stars,"1,479"
https://www.amazon.in/Baggit-GG-Womens-Laptop-Bag/dp/B0BWRYTLHV,Baggit GG Women's Laptop Bag - Large,"1,645",NA,NA
https://www.amazon.in/Lavie-Sara-Front-Sling-Medium/dp/B08JDK6VT1,Lavie Women's Sara Box Sling Bag | Ladies Purse Handbag,812,4.0 out of 5 stars,"1,880"
https://www.amazon.in/Meek-Executive-Essential-17-5Inch-Lightweight/dp/B0C7WKWTZJ,"Meek HP Executive Essential Laptop Bag, 17.5Inch Padded Backpack Lightweight Bag - Grey Black",999.,5.0 out of 5 stars,2
https://www.amazon.in/Flamingo-Cosmetic-Sichumaria-Water-Resistant-Organizer/dp/B0B1HNQHXD,Sichumaria Flamingo Cosmetic Bag Portable Travel Makeup Bag for Women Large Travel Water-Resistant Zipper Makeup Organizer for Girls Make Up Bag Brush Bags (Pink),238,3.9 out of 5 stars,72
https://www.amazon.in/Arctic-Fox-Kobra-Laptop-Backpack/dp/B09GPHHZPW,Arctic Fox Kobra Gamer Laptop Backpack (Black),"1,997",4.5 out of 5 stars,776
https://www.amazon.in/F-Gear-Yakuza-Brown-Laptop-Backpack/dp/B071VNWC1C,F Gear Yakuza Brown 34 liter Laptop Backpack Sch Bag,"1,099",4.4 out of 5 stars,818
https://www.amazon.in/GoHustle-Super-Slim-Backpack-Expandable/dp/B0C8GP9NKF,"GoHustle Super Slim Tech Bags for Men, Women | Laptop Backpack Expandablefor Business Commuter","1,695",4.6 out of 5 stars,7
https://www.amazon.in/Tabelito-NEO-Backpack-Business-Compartment/dp/B0C2D2GPWJ,"Tabelito® NEO 3O L Water Resistant Laptop/College/Office/School/Travel/Business Bag, Unisex Backpack for Men Women Fits Up to 15.6 Inch Laptop Notebook.",399,3.9 out of 5 stars,107
https://www.amazon.in/Flamingo-Cosmetic-Sichumaria-Water-Resistant-Organizer/dp/B0B1HNQHXD,Sichumaria Flamingo Cosmetic Bag Portable Travel Makeup Bag for Women Large Travel Water-Resistant Zipper Makeup Organizer for Girls Make Up Bag Brush Bags (Pink),238,3.9 out of 5 stars,72
https://www.amazon.in/Arctic-Fox-Kobra-Laptop-Backpack/dp/B09GPHHZPW,Arctic Fox Kobra Gamer Laptop Backpack (Black),"1,997",4.5 out of 5 stars,776
https://www.amazon.in/F-Gear-Yakuza-Brown-Laptop-Backpack/dp/B071VNWC1C,F Gear Yakuza Brown 34 liter Laptop Backpack Sch Bag,"1,099",4.4 out of 5 stars,818
https://www.amazon.in/GoHustle-Super-Slim-Backpack-Expandable/dp/B0C8GP9NKF,"GoHustle Super Slim Tech Bags for Men, Women | Laptop Backpack Expandablefor Business Commuter","1,695",4.6 out of 5 stars,7
https://www.amazon.in/Tabelito-NEO-Backpack-Business-Compartment/dp/B0C2D2GPWJ,"Tabelito® NEO 3O L Water Resistant Laptop/College/Office/School/Travel/Business Bag, Unisex Backpack for Men Women Fits Up to 15.6 Inch Laptop Notebook.",399,3.9 out of 5 stars,107
https://www.amazon.in/Skybags-Ltrs-Casual-Backpack-BPNNE18HBLU/dp/B08QGPK772,Skybags 32 Ltrs Blue Casual Backpack (BPNNE18HBLU),"1,399",4.1 out of 5 stars,524
https://www.amazon.in/Sprqcart-Travel-Shoulder-Weekender-Overnight/dp/B0C3RBGHCN,"Sprqcart Travel Duffel Bag, Sports Tote Gym Bag, Shoulder Weekender Overnight Bag for Women (Green)",474.,4.5 out of 5 stars,22
https://www.amazon.in/F-Gear-Blackhawk-Black-Laptop-Backpack/dp/B07XMRGQCM,F Gear Blackhawk 40 Ltrs Black Laptop Backpack (3178),"1,341",4.3 out of 5 stars,"1,038"
https://www.amazon.in/Polestar-Liters-Polyester-Casual-Backpack/dp/B09243WY6M,"POLESTAR Enzo 15.6 inch 35 LTR Casual Laptop Backpack/Office Bag/School Bag/College Bag/Business Bag/Unisex Backpack, Water Resistant and Light Weight, 1 year Warranty",619,4.1 out of 5 stars,"3,895"
https://www.amazon.in/Lavie-Broxa-Womens-Sling-Plum/dp/B08JDG1NKX,Lavie Women's Broxa Flap Over Sling Bag | Ladies Purse Handbag,"1,139",4.1 out of 5 stars,"5,919"
https://www.amazon.in/Tabelito%C2%AE-VOLT-waterproof-Backpack-Compatible/dp/B0BML7Q3J1,Tabelito® VOLT Casual waterproof Laptop Backpack/Office bag/School bag/College bag/Business bag/Unisex bag Travel bag Compatible with 15.6 inch Laptop 30L Bag for Men and Women - GREY,599,4.6 out of 5 stars,181
https://www.amazon.in/TRUE-HUMAN-Anti-Theft-backpack-combination/dp/B09VCHV6T5,"TRUE HUMAN® Emperor Anti-Theft backpack with combination lock Laptop bag,office bag for Men and Women | College Bags for Girls & Boys (Zyden)",675,3.7 out of 5 stars,"1,174"
https://www.amazon.in/Puma-Black-Laptop-Backpack-7573301/dp/B07JHJCZSM,PUMA 26 Ltrs Puma Black Laptop Backpack,"1,239",3.8 out of 5 stars,89
https://www.amazon.in/Veneer-Backpack-Fashion-Leather-College/dp/B09BMG8R6Y,"Veneer Medium 20 L Laptop Backpack Men Womens Girls Fashion PU Leather Mini Casual Backpack Bags for School, College, Tuition, Office Bag",998,4.2 out of 5 stars,930
https://www.amazon.in/Gear-Polyester-Laptop-Backpack-LBPECONO10412/dp/B012NW0J30,Gear ECO1 24L Water Resistant Laptop Bag/Backpack/Office Bag for Men/Women- Grey-Black-Yellow,845,4.2 out of 5 stars,"1,464"
https://www.amazon.in/Genie-compartments-Resistant-Lightweight-Travelling/dp/B097JJGDW5,"Genie Sweet Laptop Backpack for Women, 3 compartments, Stylish and Trendy College Bags for Girls, Water Resistant and Lightweight Bags for Office and Travelling Purpose. 36 litres","1,299",NA,NA
https://www.amazon.in/Tabelito%C2%AE-VOLT-waterproof-Backpack-Compatible/dp/B0BML7Q3J1,Tabelito® VOLT Casual waterproof Laptop Backpack/Office bag/School bag/College bag/Business bag/Unisex bag Travel bag Compatible with 15.6 inch Laptop 30L Bag for Men and Women - GREY,599,4.6 out of 5 stars,181
https://www.amazon.in/Wooum-Resisitance-Shoulder-Business-Messenger/dp/B0993Q72WD,Wooum Sling Cross Body Bag/One Side Bag/Shoulder Bag/Office Business Messenger Bag/Money Bag for Men and Women - Water Resisitance,328,4.0 out of 5 stars,710
https://www.amazon.in/Puma-Black-Laptop-Backpack-7573301/dp/B07JHJCZSM,PUMA 26 Ltrs Puma Black Laptop Backpack,"1,239",3.8 out of 5 stars,89
https://www.amazon.in/Veneer-Backpack-Fashion-Leather-College/dp/B09BMG8R6Y,"Veneer Medium 20 L Laptop Backpack Men Womens Girls Fashion PU Leather Mini Casual Backpack Bags for School, College, Tuition, Office Bag",998,4.2 out of 5 stars,930
https://www.amazon.in/Wildcraft-Polyester-Black-Laptop-8903338054290/dp/B012D4QKHW,Wildcraft 44 cms Polyester Black Laptop Bag (8903338054290),"1,448",4.3 out of 5 stars,674
https://www.amazon.in/Genie-compartments-Resistant-Lightweight-Travelling/dp/B097JJGDW5,"Genie Sweet Laptop Backpack for Women, 3 compartments, Stylish and Trendy College Bags for Girls, Water Resistant and Lightweight Bags for Office and Travelling Purpose. 36 litres","1,299",NA,NA
https://www.amazon.in/Fast-Travel-partition-Collage-Backpack/dp/B09VCQWRC4,"Fast Travel 45 Ltrs, 46 cms School Bag Class 5-12 Large 4 partition Laptop Collage Office Travel Backpack Unisex",692,4.1 out of 5 stars,951
https://www.amazon.in/Backpack-Business-Scratch-resistant-Multiple-Comfortable/dp/B0B6FNPN76,Arctic Hunter Backpack for Men Premium Business Backpack Office Travel Laptop Bag with 15.6 Inch Laptop Pocket Water/Scratch-resistant Multiple Pocket Comfortable and Padded Backpack for Men,"5,999",4.4 out of 5 stars,150
https://www.amazon.in/Glowic-Grocery-Shoulder-Handbags-WBAG-50/dp/B09YRWZBW8,"Glowic Canvas Grocery, Travel, Beach | Shoulder Handbags Women, College Bags for Girls Stylish Trendy(WBAG-50)",489,3.5 out of 5 stars,245
https://www.amazon.in/F-Gear-Bi-Frost-Backpack-Grey/dp/B01JGD0FYM,F Gear Bi Frost 47 cms Casual Laptop Backpack (2472) - Grey,699,3.9 out of 5 stars,272
https://www.amazon.in/Gear-Superior-Backpack-Orange-Black-BKPSPRIOR0601/dp/B08D76PV8B,Gear Superior 16L Water Resistant School Bag//Backpack/College Bag for Men/Women - Orange Black,385,3.9 out of 5 stars,"1,790"
https://www.amazon.in/Aristocrat-Green-Laptop-Backpack-LPBPLEX1SGN/dp/B085HNZ9GG,Aristocrat 34 Ltrs Sea Green Laptop Backpack (LPBPLEX1SGN),"1,494",4.3 out of 5 stars,196
https://www.amazon.in/Mokobara-Backpack-litre-Brown-laptop/dp/B095PC3QPV,"MOKOBARA Backpack 15.5"" Inch Laptop Backpack For Women (16 litres ) Improved (2022 - Model)","4,799",4.3 out of 5 stars,191
https://www.amazon.in/Harissons-Vervo-Laptop-Backpack-Built/dp/B07M5P5LW3,"HARISSONS Bags Vervo 15.6-inch Laptop/Travel/Casual Backpack for Men and Women with Rain Cover (Black, 40 Ltrs) | Quick Access Zippered Pocket, Detailed Organizers & a Detachable Key Chain Holder","2,960",4.3 out of 5 stars,"2,000"
https://www.amazon.in/Kenneth-Cole-Reaction-Polyester-Backpack/dp/B07GX3PWNK,"Kenneth Cole Reaction Women's Chevron Quilted Polyester Twill 15.6"" Laptop Backpack, Midnight Black, One Size","4,818",4.7 out of 5 stars,"3,644"
https://www.amazon.in/RAPTORS-Resistant-Backpack-Business-Compartment/dp/B0C4Q4WN6V,RAPTORS 35L Water Resistant 15.6 inch Laptop Backpack bag for men and women Office/School/Travel/Business Padded with Laptop Compartment,719,5.0 out of 5 stars,4
https://www.amazon.in/Impulse-Impbee-Backpack-Business-Resistant/dp/B0C1CSS81H,Impulse Impbee 45L Laptop Backpack/Office Bag/School Bag/College Bag/Business Bag/Travel Backpack Water Resistant Fits Up to 16 Inch Laptop with Rain Cover & 1 Year Warranty,881,4.0 out of 5 stars,6
https://www.amazon.in/Lunars-Small-Bag-Daily-Use/dp/B08N47VTFQ,Lunar's Small Bag for Daily Use - 1 Compartment Mini Backpack for Hiking Camping Rucksack (Black),339,3.9 out of 5 stars,565
